job_id,stop_id
628625c14eb23b29e39c9938,628625bd4eb23b29e39c9856
628625cad8fc4e261adc6845,628625c9d8fc4e261adc678d
628625d6d8fc4e261adc6f82,628625d4d8fc4e261adc6ef2
62862b6b4eb23b29e39d8835,62862b6a4eb23b29e39d87a5
62862b764eb23b29e39d8f24,62862b754eb23b29e39d8e8c
62862b824eb23b29e39d9614,62862b814eb23b29e39d957c
62862629d8fc4e261adca14f,62862628d8fc4e261adca0b9
62862d934eb23b29e39dcedd,62862d8f4eb23b29e39dce45
62862d9c4eb23b29e39dd5ce,62862d9b4eb23b29e39dd53d
62862da84eb23b29e39ddcbd,62862da74eb23b29e39ddc2d
